<elecquestions>
<!--electronics-->
<challenge answer="2">
<question>A node that has 0 V with respect to ground without being mechanically grounded is called</question>
<option1>a. a mechanical ground</option1>
<option2>b. a virtual ground</option2>
<option3>c. an AC ground</option3>
<option4>d. an ordinary ground</option4>
</challenge>
<challenge answer="2">
<question>In a current-to-voltage converter, the input current flows</question>
<option1>a. through the input impedance of the op-amp</option1>
<option2>b. through the feedback resistor</option2>
<option3>c. to ground</option3>
<option4>d. through the load resistor</option4>
</challenge>
<challenge answer="3">
<question>The feedback resistance of a transresistance amplifier is </question>
<option1>a. approximately zero</option1>
<option2>b. very large</option2>
<option3>c. in parallel with the load resistor</option3>
<option4>d. equal to the input impedance of the op-amp</option4>
</challenge>
<challenge answer="2">
<question>The input impedance of a current-to-voltage converter is</question>
<option1>a. small</option1>
<option2>b. ideally zero</option2>
<option3>c. large</option3>
<option4>d. ideally infinite</option4>
</challenge>
<challenge answer="4">
<question>Negative feedback does not improve</question>
<option1>a. stablilty of voltage gain</option1>
<option2>b. output offset voltage</option2>
<option3>c. distortion</option3>
<option4>d. power bandwidth</option4>
</challenge>
<challenge answer="2">
<question>An op-amp with inverting voltage feedback is saturated. A possible trouble is</question>
<option1>a. shorted load resistance</option1>
<option2>b. open feedback resistor</option2>
<option3>c. excessive input voltage</option3>
<option4>d. open load resistor</option4>
</challenge>
<challenge answer="1">
<question>An op-amp with non-inverting voltage feedback has no output voltage. A possible trouble is </question>
<option1>a. shorted load resistance</option1>
<option2>b. open feedback resistor</option2>
<option3>c. excessive input voltage</option3>
<option4>d. open load resistor</option4>
</challenge>
<challenge answer="2">
<question>An op-amp with noninverting voltage feedback is saturated. A possible trouble is</question>
<option1>a. shorted load resistor</option1>
<option2>b. lower feedback resistor shorted</option2>
<option3>c. no input voltage</option3>
<option4>d. open load resistor</option4>
</challenge>
<challenge answer="2">
<question>An op-amp with noninverting voltage feedback is saturated. A possible trouble is </question>
<option1>a. shorted load resistor</option1>
<option2>b. lower feedback resistor shorted</option2>
<option3>c. no input voltage</option3>
<option4>d. open load resistor</option4>
</challenge>
<challenge answer="4">
<question>An op-amp with inverting voltage feedback has no output voltage. A possible trouble is </question>
<option1>a. no positive supply voltage</option1>
<option2>b. open feedback resistor</option2>
<option3>c. no feedback voltage</option3>
<option4>d. shorted load resistor</option4>
</challenge>
<challenge answer="1">
<question>An op-amp with inverting voltage feedback has no output voltage. A possible trouble is </question>
<option1>a. no negative supply voltage</option1>
<option2>b. shorted feedback resistor</option2>
<option3>c. no feedback voltage</option3>
<option4>d. open load resistor</option4>
</challenge>
<challenge answer="4">
<question>What controls the dominant critical frequency of an op-amp?</question>
<option1>a. stray-wiring capacitance</option1>
<option2>b. base-emitter capacitance</option2>
<option3>c. collector-base capacitance</option3>
<option4>d. compensating capacitance</option4>
</challenge>
<challenge answer="1">
<question>A compensating capacitor prevents</question>
<option1>a. voltage gain</option1>
<option2>b. input offset current</option2>
<option3>c. oscillation</option3>
<option4>d. power bandwidth</option4>
</challenge>
<challenge answer="1">
<question>At funity, the voltage gain is</question>
<option1>a. 1</option1>
<option2>b. Amid</option2>
<option3>c. Rc/re</option3>
<option4>d. zero</option4>
</challenge>
<challenge answer="3">
<question>The critical frequency of an op-amp equals the unity-gain frequency divided by</question>
<option1>a. fc</option1>
<option2>b. 1</option2>
<option3>c. Amid</option3>
<option4>d. Acm</option4>
</challenge>
<challenge answer="2">
<question>Slew rate equals current divided by </question>
<option1>a. voltage</option1>
<option2>b. capacitance</option2>
<option3>c. resistance</option3>
<option4>d. power</option4>
</challenge>
<challenge answer="3">
<question>The initial slope of a sine wave is directly proportional to</question>
<option1>a. slew rate</option1>
<option2>b. voltage gain</option2>
<option3>c. frequency</option3>
<option4>d. capacitance</option4>
</challenge>
<challenge answer="1">
<question>When the initial slope of a sine wave is greater than the slew rate</question>
<option1>a. distortion occurs</option1>
<option2>b. linear operation occurs</option2>
<option3>c. voltage gain is maximum</option3>
<option4>d. the op-amp works best</option4>
</challenge>
<challenge answer="2">
<question>The power bandwidth increases when</question>
<option1>a. frequency decreases</option1>
<option2>b. peak value decreases</option2>
<option3>c. initial slope decreases</option3>
<option4>d. voltage gain increases</option4>
</challenge>
<challenge answer="3">
<question>A 741 uses</question>
<option1>a. discrete resistors</option1>
<option2>b. passive loading</option2>
<option3>c. active loading</option3>
<option4>d. a small coupling capacitor</option4>
</challenge>
<challenge answer="3">
<question>A 741 cannot work without</question>
<option1>a. discrete resistors</option1>
<option2>b. passive loading</option2>
<option3>c. DC returns on the two bases</option3>
<option4>d. a small coupling capacitor</option4>
</challenge>
<challenge answer="2">
<question>The input impedance of a BIFET op-amp is </question>
<option1>a. low</option1>
<option2>b. high</option2>
<option3>c. medium</option3>
<option4>d. extremely high</option4>
</challenge>
<challenge answer="4">
<question>An LF13741 is a</question>
<option1>a. diff amp</option1>
<option2>b. bipolar op-amp</option2>
<option3>c. source follower</option3>
<option4>d. BIFET op-amp</option4>
</challenge>
<challenge answer="4">
<question>If the two supply voltages are ± 15 V, the MPP value of an op-amp is ideally</question>
<option1>a. 0</option1>
<option2>b. -15 V</option2>
<option3>c. +15 V</option3>
<option4>d. 30 V</option4>
</challenge>
<challenge answer="4">
<question>The dominant critical frequency of a 741 is controlled by</question>
<option1>a. a coupling capacitor</option1>
<option2>b. the output short circuit current</option2>
<option3>c. the power bandwidth</option3>
<option4>d. a compensating capacitor</option4>
</challenge>
<challenge answer="2">
<question>The 741C has a unity gain frequency of </question>
<option1>a. 10 Hz</option1>
<option2>b. 1 MHz</option2>
<option3>c. 20 Hz</option3>
<option4>d. 100 Hz</option4>
</challenge>
<challenge answer="3">
<question>The unity gain frequency equals the product of critical frequency and</question>
<option1>a. compensating capacitance</option1>
<option2>b. tail current</option2>
<option3>c. midband voltage gain</option3>
<option4>d. load resistance</option4>
</challenge>
<challenge answer="2">
<question>The initial slope of a sine wave increases when </question>
<option1>a. frequency decreases</option1>
<option2>b. peak value increases</option2>
<option3>c. pi increases</option3>
<option4>d. slew rate increases</option4>
</challenge>
<challenge answer="1">
<question>If the frequency is greater than the power bandwidth</question>
<option1>a. slew-rate distortion occurs</option1>
<option2>b. a normal output signal occurs</option2>
<option3>c. output offset voltage increases</option3>
<option4>d. distortion may occur</option4>
</challenge>
<challenge answer="3">
<question>An op-amp has an open base resistor. The output voltage will be</question>
<option1>a. zero</option1>
<option2>b. slightly different than zero</option2>
<option3>c. maximum positive or negative</option3>
<option4>d. an amplified sine wave</option4>
</challenge>
<challenge answer="4">
<question>Above the critical frequency, the voltage gain of a 741C decreases approximately </question>
<option1>a. 10 dB per cycle</option1>
<option2>b. 20 dB per octave</option2>
<option3>c. 10 dB per cycle</option3>
<option4>d. 20 dB per decade</option4>
</challenge>
<challenge answer="2">
<question>The voltage gain of an op-amp is one of the</question>
<option1>a. critical frequency</option1>
<option2>b. unity-gain frequency</option2>
<option3>c. generator frequency</option3>
<option4>d. power bandwidth</option4>
</challenge>
<challenge answer="3">
<question>When the slew-rate distortion of sine wave occurs, the output</question>
<option1>a. is larger</option1>
<option2>b. is normal</option2>
<option3>c. appears triangular</option3>
<option4>d. has no offset</option4>
</challenge>
<challenge answer="4">
<question>A 741C has </question>
<option1>a. a voltage gain of 100,000</option1>
<option2>b. an input impedance of 2Mohm</option2>
<option3>c. an output impedance of 75 ohm</option3>
<option4>d. all of the choices</option4>
</challenge>
<challenge answer="1">
<question>What happens to the input resistance of an amplifier employing voltage-series feedback?</question>
<option1>a. it is increased</option1>
<option2>b. it is decreased</option2>
<option3>c. it remains the same</option3>
<option4>d. equals infinity</option4>
</challenge>
<challenge answer="2">
<question>What happens to the output resistance of an amplifier employing voltage-series feedback?</question>
<option1>a. it is increased</option1>
<option2>b. it is decreased</option2>
<option3>c. it remains the same</option3>
<option4>d. equal infinity</option4>
</challenge>
<challenge answer="1">
<question>What happens to the input resistance of an amplifier employing current-series feedback?</question>
<option1>a. it is increased</option1>
<option2>b. it is decreased</option2>
<option3>c. it remains the same</option3>
<option4>d. equals infinity</option4>
</challenge>
<challenge answer="1">
<question>What happens to the output resistance of an amplifier employing current-series feedback?</question>
<option1>a. it is increased</option1>
<option2>b. it is decreased</option2>
<option3>c. it remains the same</option3>
<option4>d. equals infinity</option4>
</challenge>
<challenge answer="2">
<question>What happens to the input resistance of an amplifier employing voltage-shunt feedback?</question>
<option1>a. it is increased</option1>
<option2>b. it is decreased</option2>
<option3>c. it remains the same</option3>
<option4>d. equals infinity</option4>
</challenge>
<challenge answer="2">
<question>What happens to the output resistance of an amplifier employing voltage-shunt feedback?</question>
<option1>a. it is increased</option1>
<option2>b. it is decreased</option2>
<option3>c. it remains the same</option3>
<option4>d. equals infinity</option4>
</challenge>
<challenge answer="2">
<question>What happens to the input resistance of an amplifier employing current-shunt feedback?</question>
<option1>a. it is increased</option1>
<option2>b. it is decreased</option2>
<option3>c. it remains the same</option3>
<option4>d. equals infinity</option4>
</challenge>
<challenge answer="1">
<question>What happens to the output resistance of an amplifier employing current-shunt feedback?</question>
<option1>a. it is increased</option1>
<option2>b. it is decreased</option2>
<option3>c. it remains the same</option3>
<option4>d. equals infinity</option4>
</challenge>
<challenge answer="4">
<question>Class A amplifier can be built from what transistor configuration?</question>
<option1>a. common base</option1>
<option2>b. common collector</option2>
<option3>c. common emitter</option3>
<option4>d. all of the choices</option4>
</challenge>
<challenge answer="1">
<question>If a transistor amplifier provides a 360º output signal, it is classified as</question>
<option1>a. class A</option1>
<option2>b. class B</option2>
<option3>c. class C</option3>
<option4>d. class D</option4>
</challenge>
<challenge answer="2">
<question>An amplifier that delivers an output signal of 180º only.</question>
<option1>a. class A</option1>
<option2>b. class B</option2>
<option3>c. class AB</option3>
<option4>d. class D</option4>
</challenge>
<challenge answer="4">
<question>A class of amplifiers wherein the output signal swings more than 180º but less than 360º</question>
<option1>a. class A</option1>
<option2>b. class B</option2>
<option3>c. class C</option3>
<option4>d. class AB</option4>
</challenge>
<challenge answer="1">
<question>What is the distinguishing feature of a class C amplifier?</question>
<option1>a. output is present for less than 180º of the input signal cycle</option1>
<option2>b. output is present for the entire signal cycle</option2>
<option3>c. output is present for exactly 180º of the input cycle</option3>
<option4>d. output is present for more than 180º but less than 60º of the input signal cycle</option4>
</challenge>
<challenge answer="2">
<question>A full 360º sine-wave signal is applied as an input to an unknown class of amplifier, if the output delivers only a pulse of less than 180º, of what class does this amplifier belongs?</question>
<option1>a. class AB</option1>
<option2>b. class C</option2>
<option3>c. class B</option3>
<option4>d. class D</option4>
</challenge>
<challenge answer="3">
<question>Which class of amplifiers that is inteded for pulse operation?</question>
<option1>a. class B</option1>
<option2>b. class C</option2>
<option3>c. class D</option3>
<option4>d. class S</option4>
</challenge>
<challenge answer="4">
<question>How do you classify an amplifier used to amplify either amplitude modulated (AM) or frequency modulated (FM) signals?</question>
<option1>a. class C</option1>
<option2>b. class D</option2>
<option3>c. class BC</option3>
<option4>d. class S</option4>
</challenge>
<challenge answer="4">
<question>Which class of amplifiers that has the highest efficiency?</question>
<option1>a. class A</option1>
<option2>b. class C</option2>
<option3>c. class B</option3>
<option4>d. class D</option4>
</challenge>
<challenge answer="1">
<question>What is the effiency of a series-fed class A amplifier?</question>
<option1>a. 25%</option1>
<option2>b. 50%</option2>
<option3>c. 78.5%</option3>
<option4>d. above 90%</option4>
</challenge>
<challenge answer="3">
<question>A class A amplifier has an efficiency of only 25%, but this can be increased if the output is coupled with a transformer. Up to how much is its efficiency will reach due to coupling?</question>
<option1>a. 36.5%</option1>
<option2>b. 68.5%</option2>
<option3>c. 50%</option3>
<option4>d. 78.5%</option4>
</challenge>
<challenge answer="2">
<question>Class B amplifiers deliver an output signal of 180% and have a maximum effiency of </question>
<option1>a. 50%</option1>
<option2>b. 78.5%</option2>
<option3>c. 68.5%</option3>
<option4>d. above 90%</option4>
</challenge>
<challenge answer="3">
<question>Transistorized class C power amplifiers will usually have an efficiency of</question>
<option1>a. 25%</option1>
<option2>b. 50%</option2>
<option3>c. 33%</option3>
<option4>d. 78.5%</option4>
</challenge>
<challenge answer="4">
<question>For pulse-amplication, class D amplifier is mostly used. How efficient is a class D amplifier?</question>
<option1>a. about 25% efficient</option1>
<option2>b. less efficient than class B</option2>
<option3>c. more efficient than class A less efficient than class B</option3>
<option4>d. its efficiency reaches over 90%</option4>
</challenge>
<challenge answer="1">
<question>An amplifier of class AB means its output signal is between the output of class B and A, such that it varies from 180º (class B) to 360º (class A). How about its efficiency?</question>
<option1>a. efficiency of class AB is in between the efficiency of a class A and B, that is from 25% - 78.5%</option1>
<option2>b. it is always as efficient as class A (25%)</option2>
<option3>c. it is always as efficient as class B (78.5%)</option3>
<option4>d. the efficiency of class AB is the average of the efficiencies of both class A and class B (25% + 78.5%)/2 = 51.75%</option4>
</challenge>
<challenge answer="2">
<question>Among the given amplifiers below, which is the most efficient?</question>
<option1>a. class A (series-fed)</option1>
<option2>b. class A (transformer-coupled)</option2>
<option3>c. class A (directly-coupled)</option3>
<option4>d. class A (capacitor-coupled)</option4>
</challenge>
<challenge answer="4">
<question>In most transistor class A amplifiers, the quiescent point is set at</question>
<option1>a. the top of the load line</option1>
<option2>b. the center</option2>
<option3>c. near cutoff</option3>
<option4>d. at the center</option4>
</challenge>
<challenge answer="4">
<question>For class B amplifier, the operating point or Q-point is set at</question>
<option1>a. the top of the load line</option1>
<option2>b. the center</option2>
<option3>c. saturation</option3>
<option4>d. cut-off</option4>
</challenge>
<challenge answer="2">
<question>The Q-point for class A amplifier is at the active region, while for class B it is at cut-off region, how about for class AB?</question>
<option1>a. it is slightly below saturation</option1>
<option2>b. it is slightly above cut-off</option2>
<option3>c. it is slightly above saturation</option3>
<option4>d. it is at the saturation region</option4>
</challenge>
<challenge answer="4">
<question>Where does the Q-point of a class C amplifier positioned?</question>
<option1>a. at saturation region</option1>
<option2>b. at cut-off region</option2>
<option3>c. at active region</option3>
<option4>d. below cut-off region</option4>
</challenge>
<challenge answer="4">
<question>The Q-point of a class D amplifier can be set or positioned at what region in the load line?</question>
<option1>a. below saturation</option1>
<option2>b. at cut-off </option2>
<option3>c. above cut-off </option3>
<option4>d. any of the choices</option4>
</challenge>
<challenge answer="4">
<question>Which of the amplifiers given below that is considered as non-linear?</question>
<option1>a. class A</option1>
<option2>b. class B</option2>
<option3>c. class AB</option3>
<option4>d. class C</option4>
</challenge>
<challenge answer="4">
<question>Which amplifiers can be used for linear amplification?</question>
<option1>a. class A</option1>
<option2>b. class C</option2>
<option3>c. class B</option3>
<option4>d. class A or D</option4>
</challenge>
<challenge answer="4">
<question>What do you call an amplifier that is biased to class C but modulates over the same portion of the curve as if it were biased to class B?</question>
<option1>a. class S</option1>
<option2>b. class AB</option2>
<option3>c. class D</option3>
<option4>d. class BC</option4>
</challenge>
<challenge answer="1">
<question>Two class B amplifiers connected such that one amplifiers the positive cycle and the other amplifies the remaining negative cycle. Both output signals are then coupled by a transformer to the load</question>
<option1>a. transformer-coupled push-pull amplifier</option1>
<option2>b. complementary-symmetry amplifier</option2>
<option3>c. quasi-complementary push-pull amplifier</option3>
<option4>d. transformer-coupled class A amplifier</option4>
</challenge>
<challenge answer="2">
<question>A push-pull amplifier that uses npn and pnp transistors to amplify the positive and negative cycles respectively.</question>
<option1>a. transformer-coupled push-pull amplifier</option1>
<option2>b. complementary-symmetry amplifier</option2>
<option3>c. quasi-complementary push-pull amplifier</option3>
<option4>d. transformer-coupled amplifier</option4>
</challenge>
<challenge answer="3">
<question>A push-pull amplifier that uses either npn or pnp as its final stage. The circuit configuration looks like the complementary-symmetry.</question>
<option1>a. transformer-coupled push-pull amplifier</option1>
<option2>b. complementary-symmetry amplifier</option2>
<option3>c. quasi-complementary push-pull amplifier</option3>
<option4>d. transformer-coupled class A amplifier</option4>
</challenge>
<challenge answer="4">
<question>Amplifiers conversion efficiency are calculated using what formula?</question>
<option1>a. ac power/dc power</option1>
<option2>b. ac power/dissipated power</option2>
<option3>c. dc power/ac power</option3>
<option4>d. A or B are correct</option4>
</challenge>
<challenge answer="1">
<question>Basically which class of amplifiers has the least distortion</question>
<option1>a. class A</option1>
<option2>b. class B</option2>
<option3>c. class C</option3>
<option4>d. class D</option4>
</challenge>
<challenge answer="2">
<question>A type of distortion where the output signal does not have the desired linear relation to the input.</question>
<option1>a. linear distortion</option1>
<option2>b. non-linear distortion</option2>
<option3>c. cross-over distortion</option3>
<option4>d. all of the choices</option4>
</challenge>
<challenge answer="2">
<question>Distortion that is due to the inability of an amplifier to amplify equally well all the frequencies present at the input signal.</question>
<option1>a. non-linear distortion</option1>
<option2>b. amplitude distortion</option2>
<option3>c. harmonic distortion</option3>
<option4>d. cross-over distortion</option4>
</challenge>
<challenge answer="4">
<question>A non-linear distortion in which the output consists of undesired harmonic frequencies of the input signal.</question>
<option1>a. amplitude distortion</option1>
<option2>b. frequency distortion</option2>
<option3>c. cross-over distortion</option3>
<option4>d. harmonic distortion</option4>
</challenge>
<challenge answer="2">
<question>Calculate the 2nd harmonic distortion for an output signal having a fundamental amplitude of 3V and a 2nd harmonic amplitude of 0.3 V.</question>
<option1>a. 1.0%</option1>
<option2>b. 10%</option2>
<option3>c. 23.33%</option3>
<option4>d. 43.33%</option4>
</challenge>
<challenge answer="2">
<question>An amplifier has the following percent harmonic distortions; D2=10%, D3=5% and D4=1%. What is the amplifier % THD?</question>
<option1>a. 5.33%</option1>
<option2>b. 11.22%</option2>
<option3>c. 16.0%</option3>
<option4>d. 22.11%</option4>
</challenge>
<challenge answer="1">
<question>A multistage transistor amplifier arranged in a conventional series manner, the output of one stage is forward-coupled to the next stage.</question>
<option1>a. cascaded amplifier</option1>
<option2>b. cascode amplifier</option2>
<option3>c. darlington amplifier</option3>
<option4>d. feed-back pair configuration</option4>
</challenge>
<challenge answer="3">
<question>A direct-coupled two-stage transistor configuration wherein the output of the first transistor is directly coupled and amplified by the second transistor. This configuration gives a very high current gain.</question>
<option1>a. cascaded amplifier</option1>
<option2>b. cascode amplifier</option2>
<option3>c. darlington configuration</option3>
<option4>d. feed-back pair configuration</option4>
</challenge>
<challenge answer="2">
<question>A two-stage transistor amplifier in which the output collector of the first stage provides input to the emitter of the second stage. The final output is then taken from the collector of the second stage </question>
<option1>a. cascaded amplifier</option1>
<option2>b. cascode amplifier</option2>
<option3>c. darlington configuration</option3>
<option4>d. feed-back pair configuration</option4>
</challenge>
<challenge answer="1">
<question>Famous transistor amplifier configuration designed to eliminate the so-called Miller effect.</question>
<option1>a. cascode amplifier</option1>
<option2>b. darlington configuration</option2>
<option3>c. differential amplifier</option3>
<option4>d. complementary-symmetry</option4>
</challenge>
<challenge answer="4">
<question>What are the transistor configurations used in cascode amplifier?</question>
<option1>a. common-base and common-emitter</option1>
<option2>b. common-base and common collector</option2>
<option3>c. common-collector and common emitter</option3>
<option4>d. common emitter and common base</option4>
</challenge>
<challenge answer="3">
<question>Transistor configuration known to have a super beta</question>
<option1>a. cascade</option1>
<option2>b. cascode</option2>
<option3>c. darlington</option3>
<option4>d. differential</option4>
</challenge>
<challenge answer="3">
<question>What is the approximate threshold voltage between the base-emitter junction of a silicon darlington transistor?</question>
<option1>a. 0.3V</option1>
<option2>b. 0.6V</option2>
<option3>c. 1.6V</option3>
<option4>d. 3.0V</option4>
</challenge>
<challenge answer="4">
<question>Transistor arrangement that operates like a darlington but uses a combination of pnp and npn transistors instead of both npn.</question>
<option1>a. differential</option1>
<option2>b. cascode</option2>
<option3>c. common</option3>
<option4>d. feedback pair</option4>
</challenge>
<challenge answer="1">
<question>An amplifier basically constructed from two transistor and whose output is proportional to the difference between the voltages applied to its two inputs,</question>
<option1>a. differential amplifier</option1>
<option2>b. cascode amplifier</option2>
<option3>c. complementary amplifier</option3>
<option4>d. quasi-complementary amplifier</option4>
</challenge>
<challenge answer="1">
<question>An amplifier having high direct-current stability and high immunity to oscillation, this is initially used to perform analog-computer functions such as summing and integrating.</question>
<option1>a. operationa; amplifier</option1>
<option2>b. parametric amplifier</option2>
<option3>c. instrumentation amplifier</option3>
<option4>d. DC amplifier</option4>
</challenge>
<challenge answer="4">
<question>One of the most versatile and widely used in electronic device in linear applications.</question>
<option1>a. SCR</option1>
<option2>b. UJT</option2>
<option3>c. FET</option3>
<option4>d. Op-amp</option4>
</challenge>
<challenge answer="2">
<question>It is a very high-gain differential amplifier with very high input impedance and very low output impedance</question>
<option1>a. par-amp</option1>
<option2>b. op-amp</option2>
<option3>c. differential op-amp</option3>
<option4>d. complementary op-amp</option4>
</challenge>
<challenge answer="4">
<question>What are the possible applications of operational amplifiers (op-amp)?</question>
<option1>a. ac and dc amplifier</option1>
<option2>b. oscillators and signal conditioning</option2>
<option3>c. voltage level detectors and comparators</option3>
<option4>d. all of the choices</option4>
</challenge>
<challenge answer="2">
<question>An operational amplifier must have at least how many usable terminals?</question>
<option1>a. 3 terminals</option1>
<option2>b. 5 terminals</option2>
<option3>c. 8 terminals</option3>
<option4>d. 14 terminals</option4>
</challenge>
<challenge answer="1">
<question>The circuit at the input stage of operational amplifiers</question>
<option1>a. differential amplifier</option1>
<option2>b. cascaded amplifier</option2>
<option3>c. current amplifier</option3>
<option4>d. complementary amplifier</option4>
</challenge>
<challenge answer="1">
<question>An amplifier whose output is proportional to the difference between the voltages applied to its inputs.</question>
<option1>a. differential amplifiers</option1>
<option2>b. differencing</option2>
<option3>c. delta amp</option3>
<option4>d. cascode amp</option4>
</challenge>
<challenge answer="4">
<question>In op-amps functional block diagram, what follows the differential amplifier?</question>
<option1>a. cascode amplifier</option1>
<option2>b. complementary amplifier</option2>
<option3>c. level shifter</option3>
<option4>d. high gain amplifier</option4>
</challenge>
<challenge answer="1">
<question>A good op-amp has a</question>
<option1>a. very high input resistance</option1>
<option2>b. very low input resistance</option2>
<option3>c. very high output resistance</option3>
<option4>d. very low CMRR</option4>
</challenge>
<challenge answer="2">
<question>Ideally, op-amps have infinite input resistance and ________ output resistance.</question>
<option1>a. infinite</option1>
<option2>b. zero</option2>
<option3>c. variable</option3>
<option4>d. a highly stabilized</option4>
</challenge>
<challenge answer="4">
<question>How does the input of an op-amp made high?</question>
<option1>a. by using super beta transistor at the input differential stage</option1>
<option2>b. by using FETs at the input differential stage</option2>
<option3>c. by connecting a very high resistance in series with the input differential stage </option3>
<option4>d. both A and B</option4>
</challenge>
<challenge answer="3">
<question>What type of amplifier commonly used at the output stage of op-amps?</question>
<option1>a. differential amplifier</option1>
<option2>b. cascade amplifier</option2>
<option3>c. complementary amplifier</option3>
<option4>d. darlington stage amplifier</option4>
</challenge>
<challenge answer="2">
<question>The transistor configuration used at the output complementary stage of most op-amps?</question>
<option1>a. cascode configuration</option1>
<option2>b. common collector</option2>
<option3>c. common-emitter</option3>
<option4>d. common-base</option4>
</challenge>
<challenge answer="4">
<question>Why do most op-amp use a common collector at the output stage?</question>
<option1>a. to have a higher output power</option1>
<option2>b. to have a better frequency response</option2>
<option3>c. to have a low harmonic distortion</option3>
<option4>d. to have a very low output resistance</option4>
</challenge>
<challenge answer="1">
<question>The stage followed by the output complementary in op-amps functional block diagram.</question>
<option1>a. level shifter</option1>
<option2>b. phase shifter</option2>
<option3>c. current mirror</option3>
<option4>d. polarizer</option4>
</challenge>
<challenge answer="1">
<question>What is the purpose of a level shifter in op-amps?</question>
<option1>a. to set and/or adjust the output voltage to zero when the input signal is zero</option1>
<option2>b. to set and/or adjust the input offset voltage to zero</option2>
<option3>c. to shift the input offset current to zero</option3>
<option4>d. all of the choices</option4>
</challenge>
<challenge answer="1">
<question>Primarily, op-amps are operated with bipolar power supply, however, we can also use single polarity power supply by</question>
<option1>a. generating a reference voltage above the ground</option1>
<option2>b. "floating" the negative supply terminal (V-) of the op-amp</option2>
<option3>c. simply connecting the negative supply terminal (V-) of the op-amp to the ground</option3>
<option4>d. isolating the negative supply terminal (V-) by a capacitor</option4>
</challenge>
<challenge answer="4">
<question>Op-amps have two input terminals namely, the inverting (-) and noninverting (+) inputs. What is the significance of its name?</question>
<option1>a. if a sine wave is applied to the inverting (-) input, the output will be inverted or shifted by 180º, while if applied to the non-inverting (+) there will be no phase shift at the output</option1>
<option2>b. if pulses are applied to the inverting (-) input, the positive pulse becomes negative at the output and vice-versa, while if applied at the non-inverting (+), there will be no reversal of the pulse at the output</option2>
<option3>c. In dc-amplifier applications, increasing input at the inverting (-) terminal causes the output to decrease and vice-versa, while at the non-inverting (+) input,  the output magnitude goes with the input</option3>
<option4>d. all of these are correct</option4>
</challenge>
<challenge answer="1">
<question>When the same signal is applied to both inverting and non-inverting input terminals of an ideal op-amp, the output voltage would be</question>
<option1>a. zero (0) V</option1>
<option2>b. +VSAT</option2>
<option3>c. -VSAT</option3>
<option4>d. offset voltage</option4>
</challenge>
<challenge answer="4">
<question>The operating mode of an op-amp, when both inputs are tied together or when the input signal is common to both inputs.</question>
<option1>a. differential mode</option1>
<option2>b. rejection mode</option2>
<option3>c. double-ended mode</option3>
<option4>d. common mode</option4>
</challenge>
<challenge answer="2">
<question>What do you call of the gain of an op-amp if operated in common mode input?</question>
<option1>a. differential gain</option1>
<option2>b. common gain</option2>
<option3>c. double-ended gain</option3>
<option4>d. rejection gain</option4>
</challenge>
<challenge answer="3">
<question>When one input of the op-amp is connected to ground and the other is to the signal source, its operation is called</question>
<option1>a. single-ended input</option1>
<option2>b. double-ended output</option2>
<option3>c. single-ended output</option3>
<option4>d. double-ended input</option4>
</challenge>
<challenge answer="2">
<question>If op-amps are operated in differential mode, its gain is technically termed as </question>
<option1>a. common-mode differential gain</option1>
<option2>b. differential gain</option2>
<option3>c. open-loop gain</option3>
<option4>d. closed-loop gain</option4>
</challenge>
<challenge answer="3">
<question>In op-amps, which gain is the highest?</question>
<option1>a. common-mode gain</option1>
<option2>b. differential gain</option2>
<option3>c. open-loop gain</option3>
<option4>d. closed-loop gain</option4>
</challenge>
<challenge answer="4">
<question>The ratio of the differential gain and common gain of an op-amp</question>
<option1>a. differential-common mode ratio</option1>
<option2>b. common-mode ratio</option2>
<option3>c. differential-mode rejection ratio</option3>
<option4>d. common-mode rejection ratio</option4>
</challenge>
<challenge answer="2">
<question>What is the maximum output voltage swing of an op-amp?</question>
<option1>a. +V to -V (supply voltage)</option1>
<option2>b. +Vsat to -Vsat</option2>
<option3>c. +1/2V to -1/2V</option3>
<option4>d. depends on the input signal</option4>
</challenge>
<challenge answer="1">
<question>The current needed at the input of an op-amp to operate it normally</question>
<option1>a. input bias current</option1>
<option2>b. input offset current</option2>
<option3>c. input threshold current</option3>
<option4>d. input holding current</option4>
</challenge>
<challenge answer="4">
<question>Ideal op-amp requires no input current, but real op-amp needs a very small input  bias current. At both inputs, the bias currents have a slight difference. What do you call this difference?</question>
<option1>a. differential input current</option1>
<option2>b. differential bias</option2>
<option3>c. input offset difference</option3>
<option4>d. input offset current</option4>
</challenge>
<challenge answer="3">
<question>The change in input offset current due to temperature change</question>
<option1>a. delta input offset current</option1>
<option2>b. slew rate</option2>
<option3>c. input offset current drift</option3>
<option4>d. PSRR</option4>
</challenge>
<challenge answer="3">
<question>The reason why slight difference between the input bias current occurs in op-amps is due to the unsymmetrical circuit component parameters. This unsymmetrical condition also produces a difference in input voltage called what?</question>
<option1>a. drift voltage</option1>
<option2>b. differential voltage</option2>
<option3>c. input offset voltage</option3>
<option4>d. input threshold voltage</option4>
</challenge>
<challenge answer="2">
<question>As electronic circuit operates, its operating temperature changes which causes device parameters to change. In op-amps, what do you call the change in input offset voltage due to the change in temperature?</question>
<option1>a. input differential drift</option1>
<option2>b. input offset voltage drift</option2>
<option3>c. slew rate</option3>
<option4>d. PSRR</option4>
</challenge>
<challenge answer="3">
<question>Ideally, the output voltage of an op-amp is zero when there is no input signal, however, in practical circuits, a small output voltage appears, this voltage is known as</question>
<option1>a. minimum output voltage</option1>
<option2>b. pinch-off voltage</option2>
<option3>c. output offset voltage</option3>
<option4>d. saturation voltage</option4>
</challenge>
<challenge answer="4">
<question>The output offset voltage of an op-amp is (are) due to</question>
<option1>a. input offset current</option1>
<option2>b. input offset voltage</option2>
<option3>c. voltage and current drift</option3>
<option4>d. both A and B</option4>
</challenge>
<challenge answer="4">
<question>How will you minimize the output offset voltage due to the input offset current of an op-amp?</question>
<option1>a. by installing a bias-current compensating resistor</option1>
<option2>b. by increasing the value of the feedback resistor</option2>
<option3>c. by decreasing the value of the input </option3>
<option4>d. both A and B</option4>
</challenge>
<challenge answer="4">
<question>What is the bias-current compensating resistor in op-amp circuits?</question>
<option1>a. a resistor used to reduce the undesired output offset voltage due to the input offset current</option1>
<option2>b. a resistor connected between the non-inverting terminal and ground</option2>
<option3>c. a resistor used to balanced both input bias currents</option3>
<option4>d. all of the choices</option4>
</challenge>
<challenge answer="4">
<question>The approximate value of the bias-current compensating resistor in op-amp circuits is</question>
<option1>a. equal to the feedback resistor</option1>
<option2>b. equal to the input resistor</option2>
<option3>c. equal to the series combination of the input and feedback resistor</option3>
<option4>d. equal to the parallel combination of the input and feedback resistor</option4>
</challenge>
<challenge answer="1">
<question>In op-amp analysis, the input offset voltage is represented by  </question>
<option1>a. A battery</option1>
<option2>b. A signal generator</option2>
<option3>c. Thevenin's voltage source</option3>
<option4>d. Norton's current source</option4>
</challenge>
<challenge answer="2">
<question>The battery representing the input offset voltage in op-amp circuit analysis is connected where?</question>
<option1>a. between the inverting and ground terminal</option1>
<option2>b. between the non-inverting and ground terminal</option2>
<option3>c. between the inverting and non-inverting terminal</option3>
<option4>d. either B and C above</option4>
</challenge>
<challenge answer="4">
<question>What is the effect of the input offset voltage to the output voltage if the op-amp has no feedback element?</question>
<option1>a. causes the output to be always at cut-off</option1>
<option2>b. causes the output to saturate towards positive</option2>
<option3>c. causes the output to saturate towards negative</option3>
<option4>d. causes the output to saturate either towards the positive or negative</option4>
</challenge>
<challenge answer="1">
<question>How can we minimize the effect of the input offset current and input offset voltage?</question>
<option1>a. by making the feedback resistance small</option1>
<option2>b. by making the feedback resistance large</option2>
<option3>c. by making the input resistance small</option3>
<option4>d. by making the input resistance large</option4>
</challenge>
<challenge answer="4">
<question>What is the most effective way of minimizing the output offset voltage of an op-amp?</question>
<option1>a. by reducing the value of the feedback resistor</option1>
<option2>b. by increasing the value of the input resistor</option2>
<option3>c. by a capacitor-compensation technique</option3>
<option4>d. by properly using and adjusting the offset-null terminals</option4>
</challenge>
<challenge answer="4">
<question>What cause(s) the well-adjusted output offset voltage of op-amps to change?</question>
<option1>a. change in operating temperature</option1>
<option2>b. component aging</option2>
<option3>c. variations in supply voltage</option3>
<option4>d. all of the choices</option4>
</challenge>
<challenge answer="4">
<question>Which of the op-amp parameter(s) that normally affects its small signal dc-amplification performance?</question>
<option1>a. input bias current</option1>
<option2>b. input offset current</option2>
<option3>c. input offset voltage</option3>
<option4>d. all of the choices</option4>
</challenge>
<challenge answer="2">
<question>Op-amp parameter(s) that is important in large signal dc-amplification.</question>
<option1>a. input offset voltage</option1>
<option2>b. slew rate</option2>
<option3>c. input offset current</option3>
<option4>d. all of the choices</option4>
</challenge>
<challenge answer="1">
<question>In large signal dc-amplifiers using op-amp, which parameter has the least effect in its performance?</question>
<option1>a. drift</option1>
<option2>b. input offset voltage</option2>
<option3>c. slew rate</option3>
<option4>d. input offset current</option4>
</challenge>
<challenge answer="4">
<question>For ac-amplifiers using op-amps, what parameters can affect its performance.</question>
<option1>a. input offset current and voltage</option1>
<option2>b. input bias current and voltage</option2>
<option3>c. drift and slew rate</option3>
<option4>d. slew rate and frequency</option4>
</challenge>
<challenge answer="3">
<question>If op-amp is used to amplify small ac-signals, what parameter you should greatly consider to ensure better performance?</question>
<option1>a. input bias circuit</option1>
<option2>b. drift</option2>
<option3>c. frequency response</option3>
<option4>d. slew rate</option4>
</challenge>
<challenge answer="1">
<question>What do we mean by internally compensated op-amps?</question>
<option1>a. op-amps with internal frequency compensation capacitor to prevent oscillation</option1>
<option2>b. op-amps with an internal compensating resistor to make the output offset voltage zero</option2>
<option3>c. op-amps with internal coupling capacitor to block dc voltages and allows ac-voltages to pass</option3>
<option4>d. op-amps with internal active components to makes its gain constant at the entire operating frequency</option4>
</challenge>
<challenge answer="3">
<question>The frequency at which the open-loop gain of an op-amp is 0.707 times its value at very low frequency</question>
<option1>a. threshold frequency</option1>
<option2>b. minimum frequency</option2>
<option3>c. break frequency</option3>
<option4>d. operating frequency</option4>
</challenge>
<challenge answer="3">
<question>What will happen to the voltage gain of op-amp when its operating frequency is increased?</question>
<option1>a. also increase</option1>
<option2>b. increases exponentially</option2>
<option3>c. will decrease</option3>
<option4>d. decreases exponentially</option4>
</challenge>
<challenge answer="2">
<question>The reduction of op-amps gain due to increasing operating frequency.</question>
<option1>a. cut-off</option1>
<option2>b. roll-off</option2>
<option3>c. diminishing factor</option3>
<option4>d. reduction step</option4>
</challenge>
<challenge answer="1">
<question>What do we mean by a 20 dB/decade roll-off?</question>
<option1>a. a gain reduction by a factor of 10 per decade</option1>
<option2>b. a gain reduction by a factor of 20 per decade</option2>
<option3>c. a gain reduction by a factor of 10 per Hz increased in frequency</option3>
<option4>d. a gain reduction by a factor of 20 per Hz increased in frequency</option4>
</challenge>
<challenge answer="3">
<question>A reduction of op-amp's voltage gain by a factor of two each time the frequency doubles.</question>
<option1>a. 2 dB/octave</option1>
<option2>b. 2 dB/decade</option2>
<option3>c. 6 dB/octave</option3>
<option4>d. 6 dB/decade</option4>
</challenge>
<challenge answer="4">
<question>Frequency at which the voltage gain of op-amp reduces to unity.</question>
<option1>a. unity-gain frequency</option1>
<option2>b. cut-off frequency</option2>
<option3>c. bandwidth point</option3>
<option4>d. unity gain bandwidth product</option4>
</challenge>
<challenge answer="4">
<question>The low and high cut-off frequencies of an amplifier also called</question>
<option1>a. corner frequencies</option1>
<option2>b. 3-dB frequencies</option2>
<option3>c. 0.707 frequencies</option3>
<option4>d. all of the choices</option4>
</challenge>
<challenge answer="4">
<question>Rise time is defined has the time required for the output voltage to rise from ______ to _______ pf the final value.</question>
<option1>a. 0% - 100%</option1>
<option2>b. 1% - 99%</option2>
<option3>c. 5% - 95%</option3>
<option4>d. 10% - 90%</option4>
</challenge>
<challenge answer="4">
<question>The maximum output voltage rate of an op-amp </question>
<option1>a. rise time</option1>
<option2>b. maximum voltage swing </option2>
<option3>c. differential rate</option3>
<option4>d. slew rate</option4>
</challenge>
<challenge answer="4">
<question>Factor(s) or parameter(s) that determine(s) the op-amps maximum operating impedance temperature.</question>
<option1>a. PSRR</option1>
<option2>b. Slew rate</option2>
<option3>c. Unity-gain bandwidth product</option3>
<option4>d. Both B and C</option4>
</challenge>
<challenge answer="1">
<question>When an op-amp is used as a comparator, the output voltage would be +Vsat of </question>
<option1>a. V+ &gt; V-</option1>
<option2>b. V- &gt; V+</option2>
<option3>c. V- = V+</option3>
<option4>d. V- and V+ are both zero</option4>
</challenge>
<challenge answer="4">
<question>Two comparators using op-amps, configured such that it can detect voltage levels within a certain range of values rather than simply comparing whether a voltage is above or below a certain reference.</question>
<option1>a. analog comparator</option1>
<option2>b. regenerative comparator</option2>
<option3>c. parallel comparator</option3>
<option4>d. window comparator</option4>
</challenge>
<challenge answer="1">
<question>What gain is significant when an op-amp is used as a voltage comparator?</question>
<option1>a. open-loop gain</option1>
<option2>b. common gain</option2>
<option3>c. differential closed loop gain</option3>
<option4>d. closed loop gain</option4>
</challenge>
<challenge answer="4">
<question>An op-amp zero-crossing detector without hysteresis.</question>
<option1>a. uses a resistor as its feedback element</option1>
<option2>b. uses a capacitor as its feedback element</option2>
<option3>c. uses an inductor as its feedback element</option3>
<option4>d. has no feedback</option4>
</challenge>
<challenge answer="1">
<question>The feedback element of a differentiator constructed from op-amps is </question>
<option1>a. a resistor</option1>
<option2>b. an inductor</option2>
<option3>c. a capacitor</option3>
<option4>d. an RC network</option4>
</challenge>
<challenge answer="3">
<question>An active integrator uses an op-amp, what is its feedback element?</question>
<option1>a. resistor</option1>
<option2>b. inductor</option2>
<option3>c. capacitor</option3>
<option4>d. an RC network</option4>
</challenge>
<challenge answer="1">
<question>The voltage gain of an op-amp voltage follower.</question>
<option1>a. unity</option1>
<option2>b. Rf/Ri</option2>
<option3>c. 1 + Rf/Ri</option3>
<option4>d. depends on the type of op-amp</option4>
</challenge>
</elecquestions>
